VFID,RA,DEC,vr,radius,radius_flag,objname,PGC,NSAIDV1,NSAIDV0,AGC,NEDname,HLflag,NSAV1flag,NSAV0flag,A100flag,VFID_V1,COflag,HAflag,HAobsflag,Z0MGSflag,Steerflag,unwiseflag,Herschelflag,prefix
VFID0018,189.354291,74.1918611,2001.9,87.92679596,TRUE,NGC4589,42139,0,0,0,NGC 4589,TRUE,FALSE,FALSE,FALSE,VFID0018,FALSE,FALSE,FALSE,TRUE,TRUE,FALSE,TRUE,VFID0018-NGC4589
VFID0087,107.9278755,72.1691944,2915.1,52.49539948,TRUE,UGC03701,20362,0,0,0,UGC 03701,TRUE,FALSE,FALSE,FALSE,VFID0087,FALSE,FALSE,FALSE,TRUE,TRUE,FALSE,TRUE,VFID0087-UGC03701
VFID0132,151.378467,70.3644428,353.2000122,33.12235641,TRUE,UGC05423,29284,0,0,0,UGC 05423,TRUE,FALSE,FALSE,FALSE,VFID0132,FALSE,FALSE,FALSE,TRUE,TRUE,FALSE,TRUE,VFID0132-UGC05423
VFID0187,170.051565,67.2416283,1302.2,37.42150497,TRUE,NGC3622,34692,659260,159631,0,NGC 3622,TRUE,TRUE,TRUE,FALSE,VFID0187,FALSE,FALSE,FALSE,TRUE,TRUE,TRUE,TRUE,VFID0187-NGC3622
VFID0240,182.0248725,65.1741769,1389,176.2468109,TRUE,NGC4125,38524,627819,140814,0,NGC 4125,TRUE,TRUE,TRUE,FALSE,VFID0240,FALSE,FALSE,FALSE,TRUE,TRUE,TRUE,TRUE,VFID0240-NGC4125
VFID0488,178.306944,60.6755863,1187,166.3877106,TRUE,NGC3945,37258,627431,140394,0,NGC 3945,TRUE,TRUE,TRUE,FALSE,VFID0488,FALSE,FALSE,FALSE,TRUE,TRUE,TRUE,TRUE,VFID0488-NGC3945
VFID0692,133.8946005,58.734394,877,129.7541504,TRUE,NGC2685,25065,622979,135568,0,NGC 2685,TRUE,TRUE,TRUE,FALSE,VFID0693,FALSE,FALSE,FALSE,TRUE,TRUE,TRUE,TRUE,VFID0692-NGC2685
VFID0696,208.691643,58.6666194,1719.5,20.75492859,TRUE,NGC5372,49451,630812,144074,0,NGC 5372,TRUE,TRUE,TRUE,FALSE,VFID0697,FALSE,FALSE,FALSE,TRUE,TRUE,TRUE,TRUE,VFID0696-NGC5372
VFID0702,175.0281075,58.6131508,1207.7,63.11335373,TRUE,NGC3795,36192,662486,160336,0,NGC 3795,TRUE,TRUE,TRUE,FALSE,VFID0703,FALSE,FALSE,FALSE,TRUE,TRUE,TRUE,TRUE,VFID0702-NGC3795
VFID0711,172.1398875,58.5629063,3129.7,72.29716492,TRUE,NGC3690,35321,179324,37217,0,NGC 3690,TRUE,TRUE,TRUE,FALSE,VFID0712,FALSE,FALSE,FALSE,TRUE,TRUE,TRUE,TRUE,VFID0711-NGC3690
VFID0712,172.128264,58.5618373,2994.9,6.355083466,TRUE,IC0694,35326,660384,159897,0,IC 0694,TRUE,TRUE,TRUE,FALSE,VFID0713,FALSE,FALSE,FALSE,TRUE,TRUE,TRUE,TRUE,VFID0712-IC0694
VFID0757,174.110361,58.1908545,1212.9,53.8420105,TRUE,UGC06575,35900,255144,52325,0,UGC 06575,TRUE,TRUE,TRUE,FALSE,VFID0758,FALSE,FALSE,FALSE,TRUE,TRUE,TRUE,TRUE,VFID0757-UGC06575
VFID0936,228.9731505,56.3291505,667.4,338.9387817,TRUE,NGC5907,54470,0,145978,0,NGC 5907,TRUE,FALSE,TRUE,FALSE,VFID0937,FALSE,FALSE,FALSE,TRUE,TRUE,TRUE,TRUE,VFID0936-NGC5907
VFID0948,175.2252165,56.2022045,1383,60.97071075,TRUE,NGC3794,36238,627147,140050,0,NGC 3794,TRUE,TRUE,TRUE,FALSE,VFID0949,FALSE,FALSE,FALSE,TRUE,TRUE,TRUE,TRUE,VFID0948-NGC3794
VFID0956,177.313767,56.0843617,1173,104.0210571,TRUE,NGC3898,36921,627359,140303,0,NGC 3898,TRUE,TRUE,TRUE,FALSE,VFID0957,TRUE,TRUE,TRUE,TRUE,TRUE,TRUE,TRUE,VFID0956-NGC3898
VFID0960,161.343312,55.9603651,941.9,40.74940491,TRUE,NGC3353,32103,166638,34520,0,NGC 3353,TRUE,TRUE,TRUE,FALSE,VFID0961,FALSE,FALSE,FALSE,TRUE,TRUE,TRUE,TRUE,VFID0960-NGC3353
VFID0976,226.6229835,55.7632193,674.4,189.2872009,TRUE,NGC5866,53933,683969,165916,0,NGC 5866,TRUE,TRUE,TRUE,FALSE,VFID0977,FALSE,FALSE,FALSE,TRUE,TRUE,TRUE,TRUE,VFID0976-NGC5866
VFID0985,150.491748,55.6799633,1163.9,245.539444,TRUE,NGC3079,29050,0,136420,0,NGC 3079,TRUE,FALSE,TRUE,FALSE,VFID0986,FALSE,FALSE,FALSE,TRUE,TRUE,TRUE,TRUE,VFID0985-NGC3079
VFID1035,179.1171885,55.1252607,1112.2,56.50947189,TRUE,NGC3982,37520,200397,41675,0,NGC 3982,TRUE,TRUE,TRUE,FALSE,VFID1036,TRUE,TRUE,TRUE,TRUE,TRUE,TRUE,TRUE,VFID1035-NGC3982
VFID1037,211.854039,55.1030125,1381.8,40.65568161,TRUE,NGC5486,50383,679695,164563,0,NGC 5486,TRUE,TRUE,TRUE,FALSE,VFID1038,FALSE,FALSE,FALSE,TRUE,TRUE,TRUE,TRUE,VFID1037-NGC5486
VFID1040,176.061723,55.0349861,1428.1,58.092659,TRUE,NGC3846A,36506,199322,41336,0,NGC 3846A,TRUE,TRUE,TRUE,FALSE,VFID1041,FALSE,FALSE,FALSE,TRUE,TRUE,TRUE,TRUE,VFID1040-NGC3846A
VFID1046,211.797279,55.0016262,1904.5,75.35659027,TRUE,NGC5485,50369,259694,53145,0,NGC 5485,TRUE,TRUE,TRUE,FALSE,VFID1047,FALSE,FALSE,FALSE,TRUE,TRUE,TRUE,TRUE,VFID1046-NGC5485
VFID1097,163.6641765,54.3051139,1372,89.14997864,TRUE,NGC3448,32774,625533,138326,0,NGC 3448,TRUE,TRUE,TRUE,FALSE,VFID1098,FALSE,FALSE,FALSE,TRUE,TRUE,TRUE,TRUE,VFID1097-NGC3448
VFID1098,174.200124,54.2935902,1287.1,57.16382217,TRUE,NGC3756,35931,661926,160192,0,NGC 3756,TRUE,TRUE,TRUE,FALSE,VFID1099,FALSE,FALSE,FALSE,TRUE,TRUE,TRUE,TRUE,VFID1098-NGC3756
VFID1173,170.262,53.169556,1163.2,111.4605713,TRUE,NGC3631,34767,659355,159653,0,NGC 3631,TRUE,TRUE,TRUE,FALSE,VFID1174,FALSE,FALSE,FALSE,TRUE,TRUE,FALSE,TRUE,VFID1173-NGC3631
VFID1175,173.45586,53.1258465,1018.9,85.72771454,TRUE,NGC3729,35711,612690,139748,0,NGC 3729,TRUE,TRUE,TRUE,FALSE,VFID1176,FALSE,FALSE,FALSE,TRUE,TRUE,TRUE,TRUE,VFID1175-NGC3729
VFID1182,173.1451995,53.0679,992.8,140.9682312,TRUE,NGC3718,35616,0,139673,0,NGC 3718,TRUE,FALSE,TRUE,FALSE,VFID1183,FALSE,FALSE,FALSE,TRUE,TRUE,TRUE,TRUE,VFID1182-NGC3718
VFID1211,162.271035,52.3354995,2365.1,18.28610611,TRUE,PGC032356,32356,655583,158806,0,UGCA 219,TRUE,TRUE,TRUE,FALSE,VFID1212,FALSE,FALSE,FALSE,TRUE,TRUE,TRUE,TRUE,VFID1211-UGCA219
VFID1212,178.4542245,52.3266874,1051,183.7051239,TRUE,NGC3953,37306,627439,140405,0,NGC 3953,TRUE,TRUE,TRUE,FALSE,VFID1213,TRUE,TRUE,TRUE,TRUE,TRUE,TRUE,TRUE,VFID1212-NGC3953
VFID1274,140.511066,50.9766176,635.4,207.0719452,TRUE,NGC2841,26512,131988,26877,0,NGC 2841,TRUE,TRUE,TRUE,FALSE,VFID1276,FALSE,FALSE,FALSE,TRUE,TRUE,TRUE,TRUE,VFID1274-NGC2841
VFID1291,211.5899235,50.7251039,1906.5,50.2482872,TRUE,NGC5480,50312,679584,43026,0,NGC 5480,TRUE,TRUE,TRUE,FALSE,VFID1293,FALSE,FALSE,FALSE,TRUE,TRUE,TRUE,TRUE,VFID1291-NGC5480
VFID1350,204.005037,49.9607878,1615.9,65.3312912,TRUE,IC0902,47985,338311,68921,0,IC 0902,TRUE,TRUE,TRUE,FALSE,VFID1352,FALSE,FALSE,FALSE,TRUE,TRUE,TRUE,TRUE,VFID1350-IC0902
VFID1374,181.535652,49.5827722,1115,136.8110809,TRUE,NGC4100,38370,665481,161045,0,NGC 4100,TRUE,TRUE,TRUE,FALSE,VFID1376,TRUE,TRUE,TRUE,TRUE,TRUE,TRUE,TRUE,VFID1374-NGC4100
VFID1545,184.7399355,47.3038816,454.2000122,509.473114,TRUE,NGC4258,39600,0,0,0,MESSIER 106,TRUE,FALSE,FALSE,FALSE,VFID1547,FALSE,FALSE,FALSE,TRUE,TRUE,FALSE,TRUE,VFID1545-MESSIER106
VFID1550,202.469547,47.195151,460.7999878,411.2646179,TRUE,NGC5194,47404,0,0,0,MESSIER 051a,TRUE,FALSE,FALSE,FALSE,VFID1552,FALSE,TRUE,TRUE,TRUE,TRUE,FALSE,TRUE,VFID1550-MESSIER051a
VFID1609,182.493648,46.4573312,265.3999939,157.0801239,TRUE,NGC4144,38688,0,0,0,NGC 4144,TRUE,FALSE,FALSE,FALSE,VFID1611,FALSE,FALSE,FALSE,TRUE,TRUE,FALSE,TRUE,VFID1609-NGC4144
VFID1643,206.6027655,46.1071577,1505.7,118.8834076,TRUE,NGC5301,48816,677382,163975,0,NGC 5301,TRUE,TRUE,TRUE,FALSE,VFID1645,FALSE,FALSE,FALSE,TRUE,TRUE,TRUE,TRUE,VFID1643-NGC5301
VFID1670,123.495366,45.7418232,557.8,86.52094269,TRUE,IC2233,23071,622384,134924,0,IC 2233,TRUE,TRUE,TRUE,FALSE,VFID1672,FALSE,FALSE,FALSE,TRUE,TRUE,TRUE,TRUE,VFID1670-IC2233
VFID1729,187.1898555,44.8642038,487.3999939,117.7934723,TRUE,NGC4460,41069,612235,0,0,NGC 4460,TRUE,TRUE,FALSE,FALSE,VFID1731,FALSE,FALSE,FALSE,TRUE,TRUE,TRUE,TRUE,VFID1729-NGC4460
VFID1754,180.790416,44.5312149,704.3,177.060318,TRUE,NGC4051,38068,627684,140667,0,NGC 4051,TRUE,TRUE,TRUE,FALSE,VFID1756,TRUE,TRUE,TRUE,TRUE,TRUE,FALSE,TRUE,VFID1754-NGC4051
VFID1776,178.2058515,44.1207736,808.2,161.8531799,TRUE,NGC3938,37229,627423,140384,0,NGC 3938,TRUE,TRUE,TRUE,FALSE,VFID1778,FALSE,FALSE,FALSE,TRUE,TRUE,TRUE,TRUE,VFID1776-NGC3938
VFID1783,198.048858,44.0377017,406.8999939,186.690094,TRUE,NGC5023,45849,0,0,0,NGC 5023,TRUE,FALSE,FALSE,FALSE,VFID1785,FALSE,FALSE,FALSE,TRUE,TRUE,FALSE,TRUE,VFID1783-NGC5023
VFID1786,179.630676,43.9468119,835.7,146.2585449,TRUE,NGC4013,37691,664623,160829,0,NGC 4013,TRUE,TRUE,TRUE,FALSE,VFID1788,FALSE,FALSE,FALSE,TRUE,TRUE,TRUE,TRUE,VFID1786-NGC4013
VFID1803,183.320361,43.6985004,919.9,128.5645599,TRUE,NGC4183,38988,298117,60664,0,NGC 4183,TRUE,TRUE,TRUE,FALSE,VFID1805,FALSE,FALSE,TRUE,TRUE,TRUE,TRUE,TRUE,VFID1803-NGC4183
VFID1804,182.3740425,43.6852719,875.5,85.5305481,TRUE,NGC4138,38643,665798,161123,0,NGC 4138,TRUE,TRUE,TRUE,FALSE,VFID1806,TRUE,TRUE,TRUE,TRUE,TRUE,TRUE,TRUE,VFID1804-NGC4138
VFID1928,228.76356,42.0498893,2589.2,63.11335373,TRUE,NGC5899,54428,684324,166035,0,NGC 5899,TRUE,TRUE,TRUE,FALSE,VFID1930,FALSE,FALSE,FALSE,TRUE,TRUE,TRUE,TRUE,VFID1928-NGC5899
VFID1930,198.9553965,42.0292782,507.9,354.9124756,TRUE,NGC5055,46153,0,143199,0,MESSIER 063,TRUE,FALSE,TRUE,FALSE,VFID1932,FALSE,FALSE,FALSE,TRUE,TRUE,TRUE,TRUE,VFID1930-MESSIER063
VFID1934,139.3790535,41.9941715,1870,52.85927963,TRUE,NGC2799,26238,229868,47220,0,NGC 2799,TRUE,TRUE,TRUE,FALSE,VFID1936,TRUE,TRUE,TRUE,TRUE,TRUE,TRUE,TRUE,VFID1934-NGC2799
VFID1953,206.329785,41.7124718,2559.1,97.07809448,TRUE,NGC5290,48767,677259,163956,0,NGC 5290,TRUE,TRUE,TRUE,FALSE,VFID1955,TRUE,TRUE,TRUE,TRUE,TRUE,TRUE,TRUE,VFID1953-NGC5290
VFID1999,190.4696475,41.2738703,608.7,42.181427,TRUE,NGC4625,42607,669628,162259,0,NGC 4625,TRUE,TRUE,TRUE,FALSE,VFID2001,FALSE,FALSE,FALSE,TRUE,TRUE,TRUE,TRUE,VFID1999-NGC4625
VFID2066,208.340064,40.3639366,2320,80.56033325,TRUE,NGC5350,49347,275977,56482,0,NGC 5350,TRUE,TRUE,TRUE,FALSE,VFID2068,TRUE,FALSE,TRUE,TRUE,TRUE,FALSE,TRUE,VFID2066-NGC5350
VFID2143,215.1796485,39.6935867,1436,65.93579865,TRUE,NGC5582,51251,631587,144911,0,NGC 5582,TRUE,TRUE,TRUE,FALSE,VFID2145,FALSE,FALSE,FALSE,TRUE,TRUE,TRUE,TRUE,VFID2143-NGC5582
VFID2157,216.3376395,39.5394939,1466.9,126.2179871,TRUE,UGC09242,51503,266481,54670,0,UGC 09242,TRUE,TRUE,TRUE,FALSE,VFID2159,FALSE,FALSE,FALSE,TRUE,TRUE,TRUE,TRUE,VFID2157-UGC09242
VFID2254,206.9373915,38.3045789,1412.3,25.829813,TRUE,NGC5303,48917,630638,143877,0,NGC 5303,TRUE,TRUE,TRUE,FALSE,VFID2256,FALSE,FALSE,FALSE,TRUE,TRUE,TRUE,TRUE,VFID2254-NGC5303
VFID2313,159.067704,37.3246539,1568.8,92.28290558,TRUE,NGC3294,31428,653786,158541,0,NGC 3294,TRUE,TRUE,TRUE,FALSE,VFID2315,TRUE,TRUE,TRUE,TRUE,TRUE,TRUE,TRUE,VFID2313-NGC3294
VFID2324,139.9917525,37.1912192,2259.2,72.29716492,TRUE,IC2461,26390,233150,47963,0,IC 2461,TRUE,TRUE,TRUE,FALSE,VFID2326,FALSE,FALSE,FALSE,TRUE,TRUE,TRUE,TRUE,VFID2324-IC2461
VFID2368,198.364629,36.5937669,875.7,295.2033386,TRUE,NGC5033,45948,0,143141,0,NGC 5033,TRUE,FALSE,TRUE,FALSE,VFID2370,FALSE,FALSE,FALSE,TRUE,TRUE,TRUE,TRUE,VFID2368-NGC5033
VFID2372,175.327728,36.5467683,1465.6,63.55083466,TRUE,NGC3813,36266,627162,140065,0,NGC 3813,TRUE,TRUE,TRUE,FALSE,VFID2374,FALSE,FALSE,FALSE,TRUE,TRUE,TRUE,TRUE,VFID2372-NGC3813
VFID2387,174.139044,36.410315,1572.7,87.12068176,TRUE,NGC3755,35913,427956,89218,0,NGC 3755,TRUE,TRUE,TRUE,FALSE,VFID2389,FALSE,FALSE,FALSE,TRUE,TRUE,TRUE,TRUE,VFID2387-NGC3755
VFID2408,213.89202,36.226669,2875.8,173.8286133,TRUE,NGC5529,50942,331494,67650,0,NGC 5529,TRUE,TRUE,TRUE,FALSE,VFID2410,FALSE,FALSE,FALSE,TRUE,TRUE,TRUE,TRUE,VFID2408-NGC5529
VFID2409,213.9310995,36.2219671,3067.3,7.890803814,TRUE,SDSSJ141543.48+361319.1,4012357,0,0,0,WISEA J141543.49+361318.6,TRUE,FALSE,FALSE,FALSE,VFID2411,FALSE,FALSE,FALSE,FALSE,TRUE,TRUE,TRUE,VFID2409-WISEAJ141543.49+361318.6
VFID2413,213.8297025,36.2022551,2967.9,22.49682617,TRUE,PGC050925,50925,331490,67648,0,MCG +06-31-085a,TRUE,TRUE,TRUE,FALSE,VFID2415,FALSE,FALSE,FALSE,FALSE,TRUE,TRUE,TRUE,VFID2413-MCG+06-31-085a
VFID2498,158.6242365,35.2567339,1523.8,24.72414398,TRUE,UGC05738,31285,440457,92273,5738,UGC 05738,TRUE,TRUE,TRUE,TRUE,VFID2500,FALSE,FALSE,FALSE,TRUE,TRUE,TRUE,TRUE,VFID2498-UGC05738
VFID2535,194.757687,34.860685,838.2,114.3197479,TRUE,PGC044532,44536,629562,142688,8098,NGC 4861,TRUE,TRUE,TRUE,TRUE,VFID2537,FALSE,FALSE,FALSE,TRUE,TRUE,TRUE,TRUE,VFID2535-NGC4861
VFID2544,162.1034055,34.7114023,1628.1,60.55099106,TRUE,NGC3381,32302,431962,90176,5909,NGC 3381,TRUE,TRUE,TRUE,TRUE,VFID2546,TRUE,TRUE,TRUE,TRUE,TRUE,TRUE,TRUE,VFID2544-NGC3381
VFID2620,208.324161,33.4908244,2371.2,48.6543045,TRUE,NGC5347,49342,448022,94340,8805,NGC 5347,TRUE,TRUE,TRUE,TRUE,VFID2622,TRUE,TRUE,TRUE,TRUE,TRUE,TRUE,TRUE,VFID2620-NGC5347
VFID2665,162.4794795,32.9908234,1694.2,92.9225769,TRUE,NGC3396,32434,432222,90215,0,NGC 3396,TRUE,TRUE,TRUE,FALSE,VFID2667,FALSE,TRUE,TRUE,TRUE,TRUE,TRUE,TRUE,VFID2665-NGC3396
VFID2667,162.4587915,32.9828333,1619,47.98674011,TRUE,NGC3395,32424,625359,138144,5931,NGC 3395,TRUE,TRUE,TRUE,TRUE,VFID2669,FALSE,TRUE,TRUE,TRUE,TRUE,TRUE,TRUE,VFID2667-NGC3395
VFID2670,163.0475205,32.950424,1583.5,119.7074738,TRUE,NGC3430,32614,432253,90222,5982,NGC 3430,TRUE,TRUE,TRUE,TRUE,VFID2672,TRUE,TRUE,TRUE,TRUE,TRUE,TRUE,TRUE,VFID2670-NGC3430
VFID2677,162.943305,32.9003095,1530.1,74.66571808,TRUE,NGC3424,32584,625432,138221,5972,NGC 3424,TRUE,TRUE,TRUE,TRUE,VFID2679,TRUE,TRUE,TRUE,TRUE,TRUE,TRUE,TRUE,VFID2677-NGC3424
VFID2709,190.5326625,32.5425167,615.8,433.6319275,TRUE,NGC4631,42637,0,0,7865,NGC 4631,TRUE,FALSE,FALSE,TRUE,VFID2711,FALSE,FALSE,FALSE,TRUE,TRUE,FALSE,TRUE,VFID2709-NGC4631
VFID2723,179.376933,32.3342491,3189.2,35.40961838,TRUE,NGC3991,37613,627522,140494,6933,NGC 3991,TRUE,TRUE,TRUE,TRUE,VFID2725,FALSE,FALSE,FALSE,TRUE,TRUE,TRUE,TRUE,VFID2723-NGC3991
VFID2727,179.4036165,32.2776664,3070.9,25.47541428,TRUE,NGC3994,37616,422184,87608,6936,NGC 3994,TRUE,TRUE,TRUE,TRUE,VFID2729,FALSE,FALSE,FALSE,TRUE,TRUE,TRUE,TRUE,VFID2727-NGC3994
VFID2760,174.935796,31.9312405,2669,59.85786819,TRUE,NGC3788,36160,426632,88792,6623,NGC 3788,TRUE,TRUE,TRUE,TRUE,VFID2762,TRUE,TRUE,TRUE,TRUE,TRUE,TRUE,TRUE,VFID2760-NGC3788
VFID2764,174.926754,31.9071305,2700.9,58.7653389,TRUE,NGC3786,36158,627102,140004,0,NGC 3786,TRUE,TRUE,TRUE,FALSE,VFID2766,TRUE,TRUE,TRUE,TRUE,TRUE,FALSE,TRUE,VFID2764-NGC3786
VFID2795,186.0464025,31.5219141,1251,41.41152954,TRUE,NGC4359,40330,428159,89276,7483,NGC 4359,TRUE,TRUE,TRUE,TRUE,VFID2797,TRUE,TRUE,TRUE,TRUE,TRUE,TRUE,TRUE,VFID2795-NGC4359
VFID2881,188.46306,30.2775211,1174.9,59.99585724,TRUE,NGC4525,41755,668581,162019,7714,NGC 4525,TRUE,TRUE,TRUE,TRUE,VFID2883,TRUE,TRUE,TRUE,TRUE,TRUE,TRUE,TRUE,VFID2881-NGC4525
VFID3019,156.754755,28.6393464,1324.3,69.68210602,TRUE,NGC3245A,30714,497538,107715,5662,NGC 3245A,TRUE,TRUE,TRUE,TRUE,VFID3022,TRUE,TRUE,TRUE,TRUE,TRUE,TRUE,TRUE,VFID3019-NGC3245A
VFID3026,162.0507045,28.6018052,1596.2,46.78657532,TRUE,NGC3380,32287,655474,158784,5906,NGC 3380,TRUE,TRUE,TRUE,TRUE,VFID3029,FALSE,FALSE,FALSE,TRUE,TRUE,TRUE,TRUE,VFID3026-NGC3380
VFID3084,166.012269,28.0367856,1371.7,47.65640259,TRUE,NGC3512,33432,657348,159215,6128,NGC 3512,TRUE,TRUE,TRUE,TRUE,VFID3087,FALSE,TRUE,TRUE,TRUE,TRUE,TRUE,TRUE,VFID3084-NGC3512
VFID3095,188.9903415,27.9596837,813.6,317.0452576,TRUE,NGC4559,42002,0,0,7766,NGC 4559,TRUE,FALSE,FALSE,TRUE,VFID3098,TRUE,TRUE,TRUE,TRUE,TRUE,FALSE,TRUE,VFID3095-NGC4559
VFID3105,162.816057,27.8487479,1184,48.87887955,TRUE,UGC05958,32532,499168,108151,5958,UGC 05958,TRUE,TRUE,TRUE,TRUE,VFID3108,FALSE,FALSE,FALSE,TRUE,TRUE,TRUE,TRUE,VFID3105-UGC05958
VFID3156,163.587195,27.2399047,1333.3,50.83013535,TRUE,UGC06023,32754,625522,138315,6023,NGC 3451,TRUE,TRUE,TRUE,TRUE,VFID3159,FALSE,FALSE,FALSE,TRUE,TRUE,FALSE,TRUE,VFID3156-NGC3451
VFID3174,170.1325335,26.96335,1508.8,52.98113632,TRUE,NGC3629,34719,474093,101276,6352,NGC 3629,TRUE,TRUE,TRUE,TRUE,VFID3177,TRUE,FALSE,TRUE,TRUE,TRUE,TRUE,TRUE,VFID3174-NGC3629
VFID3221,158.925222,26.1258846,1396.4,17.42293167,TRUE,PGC031387,31387,497257,107609,201524,CGCG 124-041,TRUE,TRUE,TRUE,TRUE,VFID3224,TRUE,TRUE,TRUE,FALSE,TRUE,TRUE,TRUE,VFID3221-CGCG124-041
VFID3234,189.086598,25.9875214,1226.2,502.4828491,TRUE,NGC4565,42038,0,141702,7772,NGC 4565,TRUE,FALSE,TRUE,TRUE,VFID3237,FALSE,TRUE,TRUE,TRUE,TRUE,TRUE,TRUE,VFID3234-NGC4565
VFID3253,192.940731,25.7762028,1186.9,62.6788826,TRUE,NGC4747,43586,629328,142446,8005,NGC 4747,TRUE,TRUE,TRUE,TRUE,VFID3256,FALSE,FALSE,FALSE,TRUE,TRUE,TRUE,TRUE,VFID3253-NGC4747
VFID3286,192.610875,25.50075,1207.5,291.1529846,TRUE,NGC4725,43451,0,142432,7989,NGC 4725,TRUE,FALSE,TRUE,TRUE,VFID3289,FALSE,FALSE,FALSE,TRUE,TRUE,FALSE,TRUE,VFID3286-NGC4725
VFID3300,155.2380735,25.3649211,1297.4,16.63877106,TRUE,UGC05588,30263,496587,107442,5588,UGC 05588,TRUE,TRUE,TRUE,TRUE,VFID3303,TRUE,TRUE,TRUE,TRUE,TRUE,TRUE,TRUE,VFID3300-UGC05588
VFID3459,163.1489025,22.934143,1261.8,70.48898315,TRUE,NGC3437,32648,512493,110991,5995,NGC 3437,TRUE,TRUE,TRUE,TRUE,VFID3462,FALSE,FALSE,FALSE,TRUE,TRUE,TRUE,TRUE,VFID3459-NGC3437
VFID3502,184.3918065,22.5402618,410.6000061,144.5843353,TRUE,UGC07321,39432,0,0,0,UGC 07321,TRUE,FALSE,FALSE,FALSE,VFID3505,FALSE,FALSE,FALSE,TRUE,TRUE,FALSE,TRUE,VFID3502-UGC07321
VFID3546,154.4493525,21.8733281,1583.2,67.31645966,TRUE,NGC3187,30068,500751,108488,5556,NGC 3187,TRUE,TRUE,TRUE,TRUE,VFID3549,FALSE,TRUE,TRUE,TRUE,TRUE,FALSE,TRUE,VFID3546-NGC3187
VFID3551,154.5260505,21.8326815,1317.1,109.1745071,TRUE,NGC3190,30083,624287,137020,5559,NGC 3190:[WLQ2016] X0001,TRUE,TRUE,TRUE,TRUE,VFID3554,FALSE,TRUE,TRUE,TRUE,TRUE,FALSE,TRUE,VFID3551-NGC3190:WLQ2016X0001
VFID3564,158.697075,21.6482708,1286,53.47136307,TRUE,NGC3287,31311,503972,109303,5742,NGC 3287,TRUE,TRUE,TRUE,TRUE,VFID3567,FALSE,FALSE,FALSE,TRUE,TRUE,TRUE,TRUE,VFID3564-NGC3287
VFID3654,172.3137195,20.5831937,1408.6,28.25668716,TRUE,IC0700,35382,626639,139515,6487,IC 0700,TRUE,TRUE,TRUE,TRUE,VFID3657,FALSE,FALSE,FALSE,TRUE,TRUE,TRUE,TRUE,VFID3654-IC0700
VFID3757,189.0339225,19.3226707,1399.7,39.54770279,TRUE,NGC4561,42020,0,0,7768,NGC 4561,TRUE,FALSE,FALSE,TRUE,VFID3760,FALSE,FALSE,FALSE,TRUE,TRUE,TRUE,TRUE,VFID3757-NGC4561
VFID3822,187.113807,18.4150771,1707.6,30.98284149,TRUE,IC3391,41013,602740,161836,7595,IC 3391,TRUE,TRUE,TRUE,TRUE,VFID3825,FALSE,FALSE,FALSE,TRUE,TRUE,TRUE,TRUE,VFID3822-IC3391
VFID3884,236.745345,17.884224,3290.7,44.99054337,TRUE,NGC5996,56023,685823,166440,10033,NGC 5996,TRUE,TRUE,TRUE,TRUE,VFID3887,FALSE,FALSE,FALSE,TRUE,TRUE,TRUE,TRUE,VFID3884-NGC5996
VFID3891,170.93973,17.8186617,1288,58.90080643,TRUE,NGC3659,34995,517423,139332,6405,NGC 3659,TRUE,TRUE,TRUE,TRUE,VFID3894,FALSE,FALSE,FALSE,TRUE,TRUE,TRUE,TRUE,VFID3891-NGC3659
VFID3950,163.6230195,17.3439834,1103.5,72.29716492,TRUE,NGC3454,32763,625527,138320,0,NGC 3454,TRUE,TRUE,TRUE,FALSE,VFID3953,FALSE,FALSE,FALSE,TRUE,TRUE,TRUE,TRUE,VFID3950-NGC3454
VFID3957,163.629504,17.2847303,1104.4,68.56796265,TRUE,NGC3455,32767,656255,158969,6028,NGC 3455,TRUE,TRUE,TRUE,TRUE,VFID3960,FALSE,FALSE,FALSE,TRUE,TRUE,TRUE,TRUE,VFID3957-NGC3455
VFID3958,161.7668265,17.2736572,1280.7,73.13432312,TRUE,NGC3370,32207,625259,138038,5887,NGC 3370,TRUE,TRUE,TRUE,TRUE,VFID3961,FALSE,FALSE,FALSE,TRUE,TRUE,TRUE,TRUE,VFID3958-NGC3370
VFID3961,168.613887,17.2600688,1299.5,63.99134827,TRUE,NGC3592,34248,516427,111854,6267,NGC 3592,TRUE,TRUE,TRUE,TRUE,VFID3964,FALSE,FALSE,FALSE,TRUE,TRUE,TRUE,TRUE,VFID3961-NGC3592
VFID3966,171.933141,17.2241158,1156.4,87.12068176,TRUE,NGC3686,35268,626574,139448,6460,NGC 3686,TRUE,TRUE,TRUE,TRUE,VFID3969,FALSE,FALSE,FALSE,TRUE,TRUE,TRUE,TRUE,VFID3966-NGC3686
VFID3979,187.1229825,17.0848985,1954.2,163.727356,TRUE,NGC4450,41024,667977,161837,7594,NGC 4450,TRUE,TRUE,TRUE,TRUE,VFID3982,FALSE,FALSE,FALSE,TRUE,TRUE,TRUE,TRUE,VFID3979-NGC4450
VFID3980,171.796602,17.0302105,1159.1,68.72602844,TRUE,NGC3684,35224,603120,139431,6453,NGC 3684,TRUE,TRUE,TRUE,TRUE,VFID3983,FALSE,FALSE,FALSE,TRUE,TRUE,TRUE,TRUE,VFID3980-NGC3684
VFID3985,172.039209,16.9204444,1064.7,44.57806778,TRUE,NGC3691,35292,626591,139465,6464,NGC 3691,TRUE,TRUE,TRUE,TRUE,VFID3988,FALSE,FALSE,FALSE,TRUE,TRUE,FALSE,TRUE,VFID3985-NGC3691
VFID3993,171.6241965,16.8632918,1233,52.25420761,TRUE,NGC3681,35193,660054,159834,6445,NGC 3681,TRUE,TRUE,TRUE,TRUE,VFID3996,FALSE,FALSE,FALSE,TRUE,TRUE,TRUE,TRUE,VFID3993-NGC3681
VFID3994,187.9147605,16.8527934,1506,86.32195282,TRUE,NGC4498,41472,668307,161939,7669,NGC 4498,TRUE,TRUE,TRUE,TRUE,VFID3997,FALSE,FALSE,FALSE,TRUE,TRUE,TRUE,TRUE,VFID3994-NGC4498
VFID4016,188.013627,16.6876973,1627,31.12585258,TRUE,NGC4502,41531,538908,117867,7677,NGC 4502,TRUE,TRUE,TRUE,TRUE,VFID4019,FALSE,FALSE,FALSE,TRUE,TRUE,TRUE,TRUE,VFID4016-NGC4502
VFID4029,170.727558,16.5901972,1500.7,43.56334686,TRUE,NGC3655,34935,517211,112047,6396,NGC 3655,TRUE,TRUE,TRUE,TRUE,VFID4032,FALSE,FALSE,FALSE,TRUE,TRUE,TRUE,TRUE,VFID4029-NGC3655
VFID4046,186.3561885,16.4699742,1707.8,50.13271713,TRUE,NGC4383,40516,538119,117729,7507,NGC 4383,TRUE,TRUE,TRUE,TRUE,VFID4049,FALSE,FALSE,FALSE,TRUE,TRUE,TRUE,TRUE,VFID4046-NGC4383
VFID4057,190.9277505,16.3935072,799.8,116.1772919,TRUE,NGC4651,42833,669967,162318,7901,NGC 4651,TRUE,TRUE,TRUE,TRUE,VFID4060,FALSE,FALSE,FALSE,TRUE,TRUE,TRUE,TRUE,VFID4057-NGC4651
VFID4092,180.899907,16.0555003,909.4,19.6843586,TRUE,PGC038113,38113,367541,75385,222046,KUG 1201+163,TRUE,TRUE,TRUE,TRUE,VFID4095,FALSE,FALSE,FALSE,TRUE,TRUE,TRUE,TRUE,VFID4092-KUG1201+163
VFID4115,193.1843325,15.8477655,1241.5,82.62686157,TRUE,NGC4758,43707,600623,142462,8014,NGC 4758,TRUE,TRUE,TRUE,TRUE,VFID4118,FALSE,FALSE,FALSE,TRUE,TRUE,TRUE,TRUE,VFID4115-NGC4758
VFID4119,185.7286665,15.8222492,1574,182.8610687,TRUE,NGC4321,40153,0,141252,7450,MESSIER 100,TRUE,FALSE,TRUE,TRUE,VFID4122,FALSE,FALSE,FALSE,TRUE,TRUE,FALSE,TRUE,VFID4119-MESSIER100
VFID4135,186.4962375,15.6708223,-115.0999985,89.1499939,TRUE,NGC4396,40622,0,0,0,NGC 4396,TRUE,FALSE,FALSE,FALSE,VFID4138,FALSE,FALSE,FALSE,TRUE,TRUE,FALSE,TRUE,VFID4135-NGC4396
VFID4143,188.711775,15.551327,1284.7,65.78414917,TRUE,NGC4540,41876,668686,162057,7742,NGC 4540,TRUE,TRUE,TRUE,TRUE,VFID4146,FALSE,FALSE,FALSE,TRUE,TRUE,TRUE,TRUE,VFID4143-NGC4540
VFID4164,188.486163,15.3547244,2333.9,45.19821167,TRUE,IC0800,41763,693124,169920,7716,IC 0800,TRUE,TRUE,TRUE,TRUE,VFID4167,FALSE,FALSE,FALSE,TRUE,TRUE,TRUE,TRUE,VFID4164-IC0800
VFID4165,175.0562655,15.3423307,3299.2,50.2482872,TRUE,NGC3800,36197,0,0,6634,NGC 3800,TRUE,FALSE,FALSE,TRUE,VFID4168,FALSE,FALSE,FALSE,TRUE,TRUE,TRUE,TRUE,VFID4165-NGC3800
VFID4168,184.2975975,15.3239034,863.8,65.63285065,TRUE,NGC4237,39393,368054,75463,7315,NGC 4237,TRUE,TRUE,TRUE,TRUE,VFID4171,FALSE,FALSE,FALSE,TRUE,TRUE,TRUE,TRUE,VFID4168-NGC4237
VFID4170,189.966162,15.297731,630.6,45.72158432,TRUE,NGC4595,42396,693138,169934,7826,NGC 4595,TRUE,TRUE,TRUE,TRUE,VFID4173,FALSE,FALSE,FALSE,TRUE,TRUE,TRUE,TRUE,VFID4170-NGC4595
VFID4179,233.634975,15.1937933,1969.8,44.16937637,TRUE,NGC5953,55480,685542,166278,0,NGC 5953,TRUE,TRUE,TRUE,FALSE,VFID4182,TRUE,FALSE,TRUE,TRUE,TRUE,TRUE,TRUE,VFID4179-NGC5953
VFID4183,192.4115415,15.1649706,1103.7,131.5592041,TRUE,NGC4710,43375,629295,142410,7980,NGC 4710,TRUE,TRUE,TRUE,TRUE,VFID4186,FALSE,FALSE,FALSE,TRUE,TRUE,TRUE,TRUE,VFID4183-NGC4710
VFID4188,187.978236,15.1239216,2096.4,32.9701767,TRUE,IC0797,41504,693118,169914,7676,IC 0797,TRUE,TRUE,TRUE,TRUE,VFID4191,FALSE,FALSE,FALSE,TRUE,TRUE,TRUE,TRUE,VFID4188-IC0797
VFID4194,186.735207,15.0473742,-227.8000031,116.7135544,TRUE,NGC4419,40772,0,0,0,NGC 4419,TRUE,FALSE,FALSE,FALSE,VFID4197,FALSE,FALSE,FALSE,TRUE,TRUE,FALSE,TRUE,VFID4194-NGC4419
VFID4203,187.180263,14.9994368,1668.4,78.00478363,TRUE,IC3392,41061,693112,169908,7602,IC 3392,TRUE,TRUE,TRUE,TRUE,VFID4206,FALSE,FALSE,FALSE,TRUE,TRUE,TRUE,TRUE,VFID4203-IC3392
VFID4212,183.451428,14.8999705,-118.1999969,331.2235718,TRUE,NGC4192,39028,0,0,0,MESSIER 098,TRUE,FALSE,FALSE,FALSE,VFID4215,FALSE,FALSE,FALSE,TRUE,TRUE,FALSE,TRUE,VFID4212-MESSIER098
VFID4220,165.0099585,14.8415278,1433.3,64.73233032,TRUE,NGC3485,33140,0,138530,6077,NGC 3485,TRUE,FALSE,TRUE,TRUE,VFID4223,FALSE,FALSE,FALSE,TRUE,TRUE,TRUE,TRUE,VFID4220-NGC3485
VFID4226,168.7758885,14.7870616,1192.5,109.1745071,TRUE,NGC3596,34298,658667,159510,6277,NGC 3596,TRUE,TRUE,TRUE,TRUE,VFID4229,FALSE,FALSE,FALSE,TRUE,TRUE,TRUE,TRUE,VFID4226-NGC3596
VFID4282,187.997064,14.4200354,2281.5,259.490387,TRUE,NGC4501,41517,628515,141585,7675,MESSIER 088,TRUE,TRUE,TRUE,TRUE,VFID4285,FALSE,FALSE,FALSE,TRUE,TRUE,FALSE,TRUE,VFID4282-MESSIER088
VFID4283,184.7067315,14.4167921,2407.4,151.0501862,TRUE,NGC4254,39578,628091,141115,7345,MESSIER 099,TRUE,TRUE,TRUE,TRUE,VFID4286,FALSE,FALSE,FALSE,TRUE,TRUE,FALSE,TRUE,VFID4283-MESSIER099
VFID4291,190.655604,14.357236,295.6000061,53.10327148,TRUE,NGC4633,42699,0,0,0,NGC 4633,TRUE,FALSE,FALSE,FALSE,VFID4294,FALSE,FALSE,FALSE,TRUE,TRUE,FALSE,TRUE,VFID4291-NGC4633
VFID4311,194.862711,14.1709946,1984.6,173.0299377,TRUE,NGC4866,44600,629595,142722,8102,NGC 4866,TRUE,TRUE,TRUE,TRUE,VFID4315,FALSE,FALSE,FALSE,TRUE,TRUE,TRUE,TRUE,VFID4311-NGC4866
VFID4321,180.2936325,14.1040318,1531.3,44.37325287,TRUE,IC0755,37912,627636,140612,7001,NGC 4019,TRUE,TRUE,TRUE,TRUE,VFID4325,FALSE,FALSE,FALSE,TRUE,TRUE,TRUE,TRUE,VFID4321-NGC4019
VFID4334,183.7686165,14.0288864,2317,66.54589081,TRUE,IC3061,39152,693055,169850,7255,IC 3061,TRUE,TRUE,TRUE,TRUE,VFID4338,FALSE,FALSE,FALSE,TRUE,TRUE,TRUE,TRUE,VFID4334-IC3061
VFID4353,183.9138765,13.9015755,-86.5,83.96944427,TRUE,NGC4212,39224,0,0,0,NGC 4208,TRUE,FALSE,FALSE,FALSE,VFID4357,FALSE,FALSE,FALSE,TRUE,TRUE,FALSE,TRUE,VFID4353-NGC4208
VFID4382,191.9399205,13.7626332,1609,114.5832825,TRUE,NGC4689,43186,693155,169951,7965,NGC 4689,TRUE,TRUE,TRUE,TRUE,VFID4386,FALSE,FALSE,FALSE,TRUE,TRUE,TRUE,TRUE,VFID4382-NGC4689
VFID4387,160.5314175,13.7469894,1297,36.90806198,TRUE,NGC3338,31883,0,158643,5826,NGC 3338,TRUE,FALSE,TRUE,TRUE,VFID4391,FALSE,FALSE,FALSE,TRUE,TRUE,TRUE,TRUE,VFID4387-NGC3338
VFID4414,170.0707545,13.5896273,845.1,331.2235718,TRUE,NGC3628,34697,0,159638,6350,NGC 3628,TRUE,FALSE,TRUE,TRUE,VFID4418,FALSE,FALSE,FALSE,TRUE,TRUE,FALSE,TRUE,VFID4414-NGC3628
VFID4445,183.4470645,13.4249638,2108.2,65.93579865,TRUE,NGC4189,39025,693051,169846,7235,NGC 4189,TRUE,TRUE,TRUE,TRUE,VFID4449,FALSE,FALSE,FALSE,TRUE,TRUE,TRUE,TRUE,VFID4445-NGC4189
VFID4450,180.348663,13.401019,928.9,71.3052063,TRUE,NGC4037,37928,324614,66430,7002,NGC 4037,TRUE,TRUE,TRUE,TRUE,VFID4454,FALSE,FALSE,FALSE,TRUE,TRUE,TRUE,TRUE,VFID4450-NGC4037
VFID4453,189.767199,13.3633938,2737.6,41.22126007,TRUE,IC3611,42307,693136,169932,7817,IC 3611,TRUE,TRUE,TRUE,TRUE,VFID4457,FALSE,FALSE,FALSE,TRUE,TRUE,TRUE,TRUE,VFID4453-IC3611
VFID4464,184.0944585,13.3072833,229.6999969,84.94176483,TRUE,NGC4222,39308,0,0,0,NGC 4222,TRUE,FALSE,FALSE,FALSE,VFID4468,FALSE,FALSE,FALSE,TRUE,TRUE,FALSE,TRUE,VFID4464-NGC4222
VFID4472,189.181863,13.2588654,1120,31.41385651,TRUE,IC3583,42081,0,0,7784,IC 3583,TRUE,FALSE,FALSE,TRUE,VFID4476,FALSE,FALSE,FALSE,TRUE,TRUE,FALSE,TRUE,VFID4472-IC3583
VFID4473,190.718337,13.2572415,983,86.12342072,TRUE,NGC4639,42741,669834,162294,7884,NGC 4639,TRUE,TRUE,TRUE,TRUE,VFID4477,FALSE,FALSE,FALSE,TRUE,TRUE,TRUE,TRUE,VFID4473-NGC4639
VFID4479,193.684101,13.2371895,1118.9,81.30574799,TRUE,UGC08032,43944,693162,169958,8032,UGC 08032,TRUE,TRUE,TRUE,TRUE,VFID4483,FALSE,FALSE,FALSE,TRUE,TRUE,TRUE,TRUE,VFID4479-UGC08032
VFID4496,183.47331,13.1728326,2466.7,66.85305786,TRUE,NGC4193,39040,666258,161255,7234,NGC 4193,TRUE,TRUE,TRUE,TRUE,VFID4500,FALSE,FALSE,FALSE,TRUE,TRUE,TRUE,TRUE,VFID4496-NGC4193
VFID4504,183.976284,13.1493536,134.1999969,234.4883423,TRUE,NGC4216,39246,0,0,0,NGC 4216,TRUE,FALSE,FALSE,FALSE,VFID4508,FALSE,FALSE,FALSE,TRUE,TRUE,FALSE,TRUE,VFID4504-NGC4216
VFID4507,190.9858845,13.1265165,1043.1,141.6189117,TRUE,NGC4654,42857,693148,169944,7902,NGC 4654,TRUE,TRUE,TRUE,TRUE,VFID4511,FALSE,FALSE,FALSE,TRUE,TRUE,TRUE,TRUE,VFID4507-NGC4654
VFID4510,186.5316225,13.1131309,233.6999969,105.468132,TRUE,NGC4402,40644,0,0,0,NGC 4402,TRUE,FALSE,FALSE,FALSE,VFID4514,FALSE,FALSE,FALSE,TRUE,TRUE,FALSE,TRUE,VFID4510-NGC4402
VFID4538,183.820107,13.0239151,702.1,140.6440125,TRUE,NGC4206,39183,325098,66504,7260,NGC 4206,TRUE,TRUE,TRUE,TRUE,VFID4542,FALSE,FALSE,FALSE,TRUE,TRUE,TRUE,TRUE,VFID4538-NGC4206
VFID4641,186.4448235,12.6620998,2514.7,161.4809418,TRUE,NGC4388,40581,326132,66736,7520,NGC 4388,TRUE,TRUE,TRUE,TRUE,VFID4646,FALSE,FALSE,FALSE,TRUE,TRUE,TRUE,TRUE,VFID4641-NGC4388
VFID4723,187.706364,12.3905194,1283.1,213.3640594,TRUE,NGC4486,41361,0,141541,0,MESSIER 087,TRUE,FALSE,TRUE,FALSE,VFID4737,FALSE,FALSE,FALSE,TRUE,TRUE,FALSE,TRUE,VFID4723-MESSIER087
VFID4731,191.189316,12.3516941,848.9,66.85305786,TRUE,IC3718,42944,629051,142154,7920,IC 3718,TRUE,TRUE,TRUE,TRUE,VFID4745,FALSE,FALSE,FALSE,TRUE,TRUE,TRUE,TRUE,VFID4731-IC3718
VFID4778,186.006084,12.2046451,2305.5,47.43744278,TRUE,NGC4351,40306,693089,169885,7476,NGC 4351,TRUE,TRUE,TRUE,TRUE,VFID4792,FALSE,FALSE,FALSE,TRUE,TRUE,TRUE,TRUE,VFID4778-NGC4351
VFID4810,192.980109,12.0831626,1779.8,60.97071075,TRUE,NGC4746,43601,693158,169954,8007,NGC 4746,TRUE,TRUE,TRUE,TRUE,VFID4824,FALSE,FALSE,FALSE,TRUE,TRUE,TRUE,TRUE,VFID4810-NGC4746
VFID4816,166.7640195,12.0601076,1550,49.21769333,TRUE,UGC06169,33642,657731,159300,6169,UGC 06169,TRUE,TRUE,TRUE,TRUE,VFID4830,FALSE,FALSE,FALSE,TRUE,TRUE,TRUE,TRUE,VFID4816-UGC06169
VFID4853,190.301214,11.8864689,2256.5,85.92533875,TRUE,NGC4607,42544,628809,141902,7843,NGC 4607,TRUE,TRUE,TRUE,TRUE,VFID4869,FALSE,FALSE,FALSE,TRUE,TRUE,TRUE,TRUE,VFID4853-NGC4607
VFID4861,189.431379,11.8181349,1516.9,150.3561707,TRUE,NGC4579,42168,0,141753,7796,MESSIER 058,TRUE,FALSE,TRUE,TRUE,VFID4877,FALSE,FALSE,FALSE,TRUE,TRUE,TRUE,TRUE,VFID4861-MESSIER058
VFID4865,185.660499,11.8009815,1434,114.0568161,TRUE,NGC4313,40105,325137,66517,7445,NGC 4313,TRUE,TRUE,TRUE,TRUE,VFID4881,FALSE,FALSE,FALSE,TRUE,TRUE,TRUE,TRUE,VFID4865-NGC4313
VFID4886,160.9904175,11.7036846,777.9,216.8309479,TRUE,NGC3351,32007,321223,65825,5850,MESSIER 095,TRUE,TRUE,TRUE,TRUE,VFID4902,FALSE,FALSE,FALSE,TRUE,TRUE,FALSE,TRUE,VFID4886-MESSIER095
VFID4949,171.1085745,11.3421441,1060.3,103.3049774,TRUE,NGC3666,35043,659830,159770,6420,NGC 3666,TRUE,TRUE,TRUE,TRUE,VFID4965,FALSE,FALSE,FALSE,TRUE,TRUE,TRUE,TRUE,VFID4949-NGC3666
VFID4961,189.136434,11.2579573,2261.1,82.05805969,TRUE,NGC4567,42064,326322,66785,7777,NGC 4567,TRUE,TRUE,TRUE,TRUE,VFID4977,FALSE,FALSE,FALSE,TRUE,TRUE,TRUE,TRUE,VFID4961-NGC4567
VFID4962,189.1428405,11.2389012,2236.2,129.1579895,TRUE,NGC4568,42069,668883,162105,0,NGC 4568,TRUE,TRUE,TRUE,FALSE,VFID4978,FALSE,FALSE,FALSE,TRUE,TRUE,TRUE,TRUE,VFID4962-NGC4568
VFID5012,183.1928955,10.8657101,374.7999878,139.675827,TRUE,NGC4178,38943,0,0,0,NGC 4178,TRUE,FALSE,FALSE,FALSE,VFID5028,FALSE,FALSE,FALSE,TRUE,TRUE,FALSE,TRUE,VFID5012-NGC4178
VFID5030,167.4830025,10.7208373,1581.5,52.13402557,TRUE,NGC3547,33866,626031,138862,6209,NGC 3547,TRUE,TRUE,TRUE,TRUE,VFID5046,FALSE,FALSE,FALSE,TRUE,TRUE,TRUE,TRUE,VFID5030-NGC3547
VFID5075,182.040018,10.3789045,1651.8,47.54679489,TRUE,NGC4119,38527,238372,48849,0,NGC 4119,TRUE,TRUE,TRUE,FALSE,VFID5091,FALSE,FALSE,FALSE,TRUE,TRUE,TRUE,TRUE,VFID5075-NGC4119
VFID5154,218.1827715,9.8914264,1373.7,77.11186981,TRUE,NGC5669,51973,631891,145251,9353,NGC 5669,TRUE,TRUE,TRUE,TRUE,VFID5170,FALSE,FALSE,FALSE,TRUE,TRUE,TRUE,TRUE,VFID5154-NGC5669
VFID5176,193.461819,9.7100253,2844.4,55.73413467,TRUE,NGC4779,43837,671507,162547,8022,NGC 4779,TRUE,TRUE,TRUE,TRUE,VFID5192,FALSE,FALSE,FALSE,TRUE,TRUE,TRUE,TRUE,VFID5176-NGC4779
VFID5194,183.8770185,9.5849306,607.3,45.09425735,TRUE,NGC4207,39206,693058,169853,7268,NGC 4207,TRUE,TRUE,TRUE,TRUE,VFID5210,FALSE,FALSE,FALSE,TRUE,TRUE,TRUE,TRUE,VFID5194-NGC4207
VFID5222,186.7987005,9.4204423,440.7999878,91.2265625,TRUE,NGC4424,40809,0,0,0,NGC 4424,TRUE,FALSE,FALSE,FALSE,VFID5238,FALSE,FALSE,FALSE,TRUE,TRUE,FALSE,TRUE,VFID5222-NGC4424
VFID5223,172.1000925,9.4076564,1709.5,96.63206482,TRUE,NGC3692,35314,660369,159895,6474,NGC 3692,TRUE,TRUE,TRUE,TRUE,VFID5239,FALSE,FALSE,FALSE,TRUE,TRUE,TRUE,TRUE,VFID5223-NGC3692
VFID5236,185.6759565,9.3325949,1251.5,74.15172577,TRUE,NGC4316,40119,693085,169881,7447,NGC 4316,TRUE,TRUE,TRUE,TRUE,VFID5252,FALSE,FALSE,FALSE,TRUE,TRUE,TRUE,TRUE,VFID5236-NGC4316
VFID5241,148.706706,9.2714039,1484.2,63.25884628,TRUE,NGC3049,28590,253614,51939,5325,NGC 3049,TRUE,TRUE,TRUE,TRUE,VFID5257,FALSE,FALSE,FALSE,TRUE,TRUE,TRUE,TRUE,VFID5241-NGC3049
VFID5244,187.16892,9.2589166,859.5,40.56217575,TRUE,NGC4451,41050,693111,169907,7600,NGC 4451,TRUE,TRUE,TRUE,TRUE,VFID5260,FALSE,FALSE,FALSE,TRUE,TRUE,TRUE,TRUE,VFID5244-NGC4451
VFID5257,188.4154305,9.1748628,2320,105.225563,TRUE,NGC4522,41729,668561,162012,7711,NGC 4522,TRUE,TRUE,TRUE,TRUE,VFID5273,FALSE,FALSE,FALSE,TRUE,TRUE,TRUE,TRUE,VFID5257-NGC4522
VFID5276,185.5235505,9.043709,1058.6,103.0673828,TRUE,NGC4307,40033,239029,49010,7431,NGC 4307,TRUE,TRUE,TRUE,TRUE,VFID5292,FALSE,FALSE,FALSE,TRUE,TRUE,TRUE,TRUE,VFID5276-NGC4307
VFID5292,204.3834195,8.885176,1152.1,122.2140808,TRUE,NGC5248,48130,0,143701,8616,NGC 5248,TRUE,FALSE,TRUE,TRUE,VFID5308,TRUE,TRUE,TRUE,TRUE,TRUE,TRUE,TRUE,VFID5292-NGC5248
VFID5324,188.376054,8.6547153,1221.9,70.0037384,TRUE,NGC4519,41719,330896,67485,7709,NGC 4519,TRUE,TRUE,TRUE,TRUE,VFID5340,FALSE,FALSE,FALSE,TRUE,TRUE,TRUE,TRUE,VFID5324-NGC4519
VFID5405,193.683111,8.0531055,2524.3,31.70452499,TRUE,NGC4791,43950,376568,77218,221597,NGC 4791,TRUE,TRUE,TRUE,TRUE,VFID5421,FALSE,FALSE,FALSE,TRUE,TRUE,TRUE,TRUE,VFID5405-NGC4791
VFID5429,186.694584,7.9188501,1390.8,47.11088562,TRUE,NGC4416,40743,693100,169896,7541,NGC 4416,TRUE,TRUE,TRUE,TRUE,VFID5446,FALSE,FALSE,FALSE,TRUE,TRUE,TRUE,TRUE,VFID5429-NGC4416
VFID5432,193.847592,7.9099023,2800.9,25.24185371,TRUE,UGC08045,44033,629402,142524,8045,UGC 08045,TRUE,TRUE,TRUE,TRUE,VFID5449,FALSE,FALSE,FALSE,TRUE,TRUE,TRUE,TRUE,VFID5432-UGC08045
VFID5436,189.5868825,7.8914988,1774.2,50.2482872,TRUE,UGC07802,42230,693134,169930,7802,UGC 07802,TRUE,TRUE,TRUE,TRUE,VFID5453,FALSE,FALSE,FALSE,TRUE,TRUE,TRUE,TRUE,VFID5436-UGC07802
VFID5474,188.512545,7.6992614,577.1,208.5072937,TRUE,NGC4526,41772,0,162027,7718,NGC 4526,TRUE,FALSE,TRUE,TRUE,VFID5491,FALSE,FALSE,FALSE,TRUE,TRUE,TRUE,TRUE,VFID5474-NGC4526
VFID5477,185.03115,7.6916818,2617.4,40.19029999,TRUE,NGC4276,39765,329574,67272,7385,NGC 4276,TRUE,TRUE,TRUE,TRUE,VFID5494,FALSE,FALSE,FALSE,TRUE,TRUE,TRUE,TRUE,VFID5477-NGC4276
VFID5508,186.2288475,7.4447009,773.2,48.54240036,TRUE,NGC4370,40439,667614,161685,0,NGC 4370,TRUE,TRUE,TRUE,FALSE,VFID5525,FALSE,FALSE,FALSE,TRUE,TRUE,TRUE,TRUE,VFID5508-NGC4370
VFID5526,186.7972005,7.263,932.6,82.05805969,TRUE,UGC07557,40807,593858,141389,7557,UGC 07557,TRUE,TRUE,TRUE,TRUE,VFID5543,FALSE,FALSE,FALSE,TRUE,TRUE,TRUE,TRUE,VFID5526-UGC07557
VFID5532,186.4272375,7.2171379,995,58.49533844,TRUE,IC3322A,40566,330483,67417,7513,IC 3322A,TRUE,TRUE,TRUE,TRUE,VFID5549,FALSE,FALSE,FALSE,TRUE,TRUE,TRUE,TRUE,VFID5532-IC3322A
VFID5544,166.7359245,7.1739099,1417.8,71.3052063,TRUE,NGC3526,33635,657717,159297,6167,NGC 3526,TRUE,TRUE,TRUE,TRUE,VFID5561,FALSE,FALSE,FALSE,TRUE,TRUE,TRUE,TRUE,VFID5544-NGC3526
VFID5546,188.6646,7.1601572,594.1,41.79470444,TRUE,IC3521,41847,668667,162052,7736,IC 3521,TRUE,TRUE,TRUE,TRUE,VFID5563,FALSE,FALSE,FALSE,TRUE,TRUE,FALSE,TRUE,VFID5546-IC3521
VFID5573,183.262782,7.0389365,2175.6,43.36319351,TRUE,NGC4180,38964,329145,67221,7219,NGC 4180,TRUE,TRUE,TRUE,TRUE,VFID5590,FALSE,FALSE,FALSE,TRUE,TRUE,TRUE,TRUE,VFID5573-NGC4180
VFID5582,185.911263,6.9540753,997.4,57.69275284,TRUE,NGC4343,40251,329512,67255,7465,NGC 4343,TRUE,TRUE,TRUE,TRUE,VFID5599,FALSE,FALSE,FALSE,TRUE,TRUE,TRUE,TRUE,VFID5582-NGC4343
VFID5625,185.7199725,6.6799577,1543,36.99314499,TRUE,IC3229,40147,329478,67252,7448,IC 3229,TRUE,TRUE,TRUE,TRUE,VFID5642,FALSE,FALSE,FALSE,TRUE,TRUE,TRUE,TRUE,VFID5625-IC3229
VFID5627,185.6625825,6.6773224,2373.3,27.36032486,TRUE,IC3225,40111,330043,67356,7441,IC 3225,TRUE,TRUE,TRUE,TRUE,VFID5644,FALSE,FALSE,FALSE,TRUE,TRUE,TRUE,TRUE,VFID5627-IC3225
VFID5632,184.499817,6.6540945,733.7,43.86531448,TRUE,IC3115,39483,329616,67282,7333,NGC 4241,TRUE,TRUE,FALSE,TRUE,VFID5649,FALSE,FALSE,FALSE,TRUE,TRUE,TRUE,TRUE,VFID5632-NGC4241
VFID5637,186.0309795,6.6080218,727.1,30.13847351,TRUE,IC3268,40321,628240,141282,7477,IC 3268,TRUE,TRUE,TRUE,TRUE,VFID5654,FALSE,FALSE,FALSE,TRUE,TRUE,TRUE,TRUE,VFID5637-IC3268
VFID5652,188.580624,6.4680482,2013.6,74.83784485,TRUE,NGC4532,41811,0,0,7726,NGC 4532,TRUE,FALSE,FALSE,TRUE,VFID5669,FALSE,FALSE,FALSE,TRUE,TRUE,FALSE,TRUE,VFID5652-NGC4532
VFID5676,186.859668,6.2629711,1447.8,60.69057465,TRUE,NGC4430,40851,329908,67328,7566,NGC 4430,TRUE,TRUE,TRUE,TRUE,VFID5693,FALSE,FALSE,FALSE,TRUE,TRUE,TRUE,TRUE,VFID5676-NGC4430
VFID5713,189.801774,6.0122708,2428.3,42.57172394,TRUE,NGC4591,42319,150674,30944,7821,NGC 4577,TRUE,TRUE,TRUE,TRUE,VFID5730,FALSE,FALSE,FALSE,TRUE,TRUE,TRUE,TRUE,VFID5713-NGC4577
VFID5743,186.787635,5.8806639,1121.5,61.53486633,TRUE,NGC4423,40801,572832,124519,7556,NGC 4423,TRUE,TRUE,TRUE,TRUE,VFID5760,FALSE,FALSE,FALSE,TRUE,TRUE,TRUE,TRUE,VFID5743-NGC4423
VFID5759,183.6605715,5.8055651,2079.5,85.13757324,TRUE,NGC4197,39114,593840,140978,7247,NGC 4197,TRUE,TRUE,TRUE,TRUE,VFID5776,FALSE,FALSE,FALSE,TRUE,TRUE,TRUE,TRUE,VFID5759-NGC4197
VFID5776,186.980784,5.7211581,2248.5,36.82317734,TRUE,UGC07579,40933,667933,161822,7579,UGC 07579,TRUE,TRUE,TRUE,TRUE,VFID5793,FALSE,FALSE,FALSE,TRUE,TRUE,TRUE,TRUE,VFID5776-UGC07579
VFID5842,208.7435295,5.3337007,1369.8,84.9417572,TRUE,NGC5356,49468,153757,31560,8831,NGC 5356,TRUE,TRUE,TRUE,TRUE,VFID5859,TRUE,TRUE,TRUE,TRUE,TRUE,TRUE,TRUE,VFID5842-NGC5356
VFID5846,192.4909875,5.3113381,651.4,49.7876091,TRUE,NGC4713,43413,151045,31028,7985,NGC 4713,TRUE,TRUE,TRUE,TRUE,VFID5863,FALSE,FALSE,FALSE,TRUE,TRUE,TRUE,TRUE,VFID5846-NGC4713
VFID5852,185.775741,5.2504518,1663.5,88.94493866,TRUE,NGC4324,40179,667444,161632,7451,NGC 4324,TRUE,TRUE,TRUE,TRUE,VFID5869,FALSE,FALSE,FALSE,TRUE,TRUE,TRUE,TRUE,VFID5852-NGC4324
VFID5855,208.5469185,5.227286,1450.3,116.4451065,TRUE,NGC5348,49411,630795,144056,8821,NGC 5348,TRUE,TRUE,TRUE,TRUE,VFID5872,TRUE,TRUE,TRUE,TRUE,TRUE,TRUE,TRUE,VFID5855-NGC5348
VFID5889,209.0498895,5.0146562,1239.7,114.0568161,TRUE,NGC5364,49555,593369,144118,8853,NGC 5364,TRUE,TRUE,TRUE,TRUE,VFID5906,TRUE,FALSE,TRUE,TRUE,TRUE,TRUE,TRUE,VFID5889-NGC5364
VFID5905,220.74156,4.8896824,1584.1,62.53472519,TRUE,IC1048,52564,88064,18301,9483,IC 1048,TRUE,TRUE,TRUE,TRUE,VFID5922,TRUE,TRUE,TRUE,TRUE,TRUE,TRUE,TRUE,VFID5905-IC1048
VFID5960,185.478414,4.4737765,1566.8,206.5956879,TRUE,NGC4303,40001,628187,141222,7420,MESSIER 061,TRUE,TRUE,TRUE,TRUE,VFID5977,FALSE,FALSE,TRUE,TRUE,TRUE,FALSE,TRUE,VFID5960-MESSIER061
VFID5962,193.310358,4.4633294,717.3,34.68336868,TRUE,NGC4765,43775,150802,30972,8018,NGC 4765,TRUE,TRUE,TRUE,TRUE,VFID5979,FALSE,FALSE,FALSE,TRUE,TRUE,TRUE,TRUE,VFID5962-NGC4765
VFID5964,218.351295,4.4504957,1582.9,57.16382217,TRUE,NGC5668,52018,681862,165200,9363,NGC 5668,TRUE,TRUE,TRUE,TRUE,VFID5981,TRUE,TRUE,TRUE,TRUE,TRUE,TRUE,TRUE,VFID5964-NGC5668
VFID5988,193.953987,4.3041769,761.1,70.81434631,TRUE,NGC4808,44086,592928,142539,8054,NGC 4808,TRUE,TRUE,TRUE,TRUE,VFID6005,FALSE,FALSE,FALSE,TRUE,TRUE,TRUE,TRUE,VFID5988-NGC4808
VFID5992,187.6116015,4.246492,2432,56.77030945,TRUE,NGC4480,41317,668202,161911,7647,NGC 4480,TRUE,TRUE,TRUE,TRUE,VFID6009,FALSE,FALSE,FALSE,TRUE,TRUE,TRUE,TRUE,VFID5992-NGC4480
VFID5995,185.072505,4.2019622,1732.3,59.72019958,TRUE,UGC07387,39794,667129,161514,7387,UGC 07387,TRUE,TRUE,TRUE,TRUE,VFID6012,FALSE,FALSE,FALSE,TRUE,TRUE,TRUE,TRUE,VFID5995-UGC07387
VFID6018,215.018397,3.992753,1730.2,103.5431213,TRUE,NGC5560,51223,680808,164836,9172,NGC 5560,TRUE,TRUE,TRUE,TRUE,VFID6035,TRUE,TRUE,TRUE,TRUE,TRUE,TRUE,TRUE,VFID6018-NGC5560
VFID6020,215.133768,3.9832001,1779.5,33.42883682,TRUE,NGC5569,51241,680849,164850,9176,NGC 5569,TRUE,TRUE,TRUE,TRUE,VFID6037,FALSE,TRUE,TRUE,TRUE,TRUE,TRUE,TRUE,VFID6020-NGC5569
VFID6023,186.650277,3.9647883,2258.7,44.8870697,TRUE,NGC4412,40715,667785,161765,7536,NGC 4412,TRUE,TRUE,TRUE,TRUE,VFID6040,FALSE,FALSE,FALSE,TRUE,TRUE,TRUE,TRUE,VFID6023-NGC4412
VFID6028,207.0668595,3.9508765,1171.4,84.9417572,TRUE,NGC5300,48959,152846,31426,8727,NGC 5300,TRUE,TRUE,TRUE,TRUE,VFID6045,TRUE,TRUE,TRUE,TRUE,TRUE,TRUE,TRUE,VFID6028-NGC5300
VFID6033,215.0826915,3.9335328,1529,160.7389984,TRUE,NGC5566,51233,86572,17878,9175,NGC 5566,TRUE,TRUE,TRUE,TRUE,VFID6050,TRUE,TRUE,TRUE,TRUE,TRUE,TRUE,TRUE,VFID6033-NGC5566
VFID6048,217.50768,3.7728979,1719.4,28.98152542,TRUE,IC1022,51808,87358,18052,9311,IC 1022,TRUE,TRUE,TRUE,TRUE,VFID6065,TRUE,FALSE,TRUE,TRUE,TRUE,TRUE,TRUE,VFID6048-IC1022
VFID6056,185.259471,3.722077,2609.7,127.6795273,TRUE,NGC4289,39886,592854,141200,7403,NGC 4289,TRUE,TRUE,TRUE,TRUE,VFID6073,FALSE,FALSE,FALSE,TRUE,TRUE,TRUE,TRUE,VFID6056-NGC4289
VFID6060,184.287972,3.682903,2017,34.60359955,TRUE,NGC4234,39388,149735,30796,7309,NGC 4234,TRUE,TRUE,TRUE,TRUE,VFID6077,FALSE,FALSE,FALSE,TRUE,TRUE,TRUE,TRUE,VFID6060-NGC4234
VFID6091,215.3045715,3.4358432,1489.1,85.92533875,TRUE,NGC5577,51286,87038,144923,9187,NGC 5577,TRUE,TRUE,TRUE,TRUE,VFID6108,TRUE,TRUE,TRUE,TRUE,TRUE,TRUE,TRUE,VFID6091-NGC5577
VFID6093,186.4936095,3.4296676,1421.7,78.72655487,TRUE,UGC07522,40621,68926,14135,7522,UGC 07522,TRUE,TRUE,TRUE,TRUE,VFID6110,FALSE,FALSE,FALSE,TRUE,TRUE,TRUE,TRUE,VFID6093-UGC07522
VFID6098,219.575478,3.4103085,1600.7,28.64977837,TRUE,NGC5692,52317,87646,18153,9427,NGC 5692,TRUE,TRUE,TRUE,TRUE,VFID6115,TRUE,TRUE,TRUE,TRUE,TRUE,TRUE,TRUE,VFID6098-NGC5692
VFID6179,193.814721,2.8966172,2782.7,43.16395569,TRUE,NGC4799,44017,70245,14409,8043,NGC 4799,TRUE,TRUE,TRUE,TRUE,VFID6196,FALSE,FALSE,FALSE,TRUE,TRUE,TRUE,TRUE,VFID6179-NGC4799
VFID6182,182.046336,2.8783017,1327.1,95.30622101,TRUE,NGC4123,38531,68187,14044,7116,NGC 4123,TRUE,TRUE,TRUE,TRUE,VFID6199,FALSE,FALSE,FALSE,TRUE,TRUE,TRUE,TRUE,VFID6182-NGC4123
VFID6185,192.459324,2.8518612,1156.4,87.32151031,TRUE,UGC07982,43397,629300,142416,7982,UGC 07982,TRUE,TRUE,TRUE,TRUE,VFID6202,FALSE,FALSE,FALSE,TRUE,TRUE,TRUE,TRUE,VFID6185-UGC07982
VFID6204,181.903626,2.6920426,1309.2,77.11186981,TRUE,NGC4116,38492,665632,161086,7111,NGC 4116,TRUE,TRUE,TRUE,TRUE,VFID6221,FALSE,FALSE,FALSE,TRUE,TRUE,TRUE,TRUE,VFID6204-NGC4116
VFID6247,186.743694,2.494399,1647.5,54.59102631,TRUE,NGC4409,40775,667820,161779,7549,NGC 4409,TRUE,TRUE,TRUE,TRUE,VFID6264,FALSE,FALSE,FALSE,TRUE,TRUE,TRUE,TRUE,VFID6247-NGC4409
VFID6306,201.582573,2.1005528,1089.6,44.16937637,TRUE,NGC5147,47027,0,0,8443,NGC 5147,TRUE,FALSE,FALSE,TRUE,VFID6323,FALSE,FALSE,FALSE,TRUE,TRUE,TRUE,TRUE,VFID6306-NGC5147
VFID6380,215.8630875,1.7262628,1396.2,62.96819687,TRUE,UGC09215,51400,681071,164911,9215,UGC 09215,TRUE,TRUE,TRUE,TRUE,VFID6397,TRUE,TRUE,TRUE,TRUE,TRUE,TRUE,TRUE,VFID6380-UGC09215
VFID6456,192.6624195,1.4643715,1269.6,62.6788826,TRUE,UGC07991,43470,69735,14289,7991,UGC 07991,TRUE,TRUE,TRUE,TRUE,VFID6473,FALSE,FALSE,FALSE,TRUE,TRUE,TRUE,TRUE,VFID6456-UGC07991
VFID6480,193.338444,1.2691163,1129.3,92.9225769,TRUE,NGC4771,43784,70156,14388,8020,NGC 4771,TRUE,TRUE,TRUE,TRUE,VFID6497,FALSE,FALSE,FALSE,TRUE,TRUE,TRUE,TRUE,VFID6480-NGC4771
VFID6619,188.1894825,0.1145302,1127.4,270.471344,TRUE,NGC4437,41618,0,0,7694,NGC 4517,TRUE,FALSE,FALSE,TRUE,VFID6636,FALSE,FALSE,FALSE,TRUE,TRUE,TRUE,TRUE,VFID6619-NGC4517
VFID6643,195.2443425,-0.0275732,1187.3,59.72019958,TRUE,NGC4904,44846,9640,1659,8121,NGC 4904,TRUE,TRUE,TRUE,TRUE,VFID6660,FALSE,FALSE,FALSE,TRUE,TRUE,TRUE,TRUE,VFID6643-NGC4904
VFID6645,166.453122,-0.0347594,801.6,249.529129,TRUE,NGC3521,33550,0,138723,6150,NGC 3521,TRUE,FALSE,TRUE,TRUE,VFID6662,FALSE,FALSE,FALSE,TRUE,TRUE,FALSE,TRUE,VFID6645-NGC3521
VFID6673,220.0479525,-0.2890039,1948.5,74.15172577,TRUE,NGC5713,52412,682644,165392,0,NGC 5713,TRUE,TRUE,TRUE,FALSE,VFID6690,FALSE,FALSE,FALSE,TRUE,TRUE,TRUE,TRUE,VFID6673-NGC5713
VFID6700,191.2859775,-0.4618785,1518.1,148.9776917,TRUE,NGC4666,42975,629082,142185,0,NGC 4666,TRUE,TRUE,TRUE,FALSE,VFID6717,FALSE,FALSE,FALSE,TRUE,TRUE,TRUE,TRUE,VFID6700-NGC4666
VFID6708,189.828048,-0.5318914,1067.1,125.0608139,TRUE,NGC4592,42336,669229,162180,0,NGC 4592,TRUE,TRUE,TRUE,FALSE,VFID6725,FALSE,FALSE,FALSE,TRUE,TRUE,TRUE,TRUE,VFID6708-NGC4592
VFID6710,191.383203,-0.5355056,1622.8,47.65640259,TRUE,NGC4668,42999,695034,171348,0,NGC 4668,TRUE,TRUE,TRUE,FALSE,VFID6727,FALSE,FALSE,FALSE,TRUE,TRUE,TRUE,TRUE,VFID6710-NGC4668
VFID6759,180.0983565,-1.100072,1461.8,114.3197479,TRUE,NGC4030,37845,627617,140594,0,NGC 4030,TRUE,TRUE,TRUE,FALSE,VFID6776,FALSE,FALSE,FALSE,TRUE,TRUE,TRUE,TRUE,VFID6759-NGC4030
VFID6761,208.226907,-1.1146173,1378.8,102.1224594,TRUE,NGC5334,49308,12064,1958,0,NGC 5334,TRUE,TRUE,TRUE,FALSE,VFID6778,FALSE,FALSE,FALSE,TRUE,TRUE,TRUE,TRUE,VFID6761-NGC5334
VFID6768,193.091586,-1.1995791,1242.8,194.590332,TRUE,NGC4753,43671,0,142457,0,NGC 4753,TRUE,FALSE,TRUE,FALSE,VFID6785,FALSE,FALSE,FALSE,TRUE,TRUE,FALSE,TRUE,VFID6768-NGC4753